<?xml version="1.0" encoding="UTF-8" ?>
<!DOCTYPE mapper
        PUBLIC "-//mybatis.org//DTD Mapper 3.0//EN"
        "http://mybatis.org/dtd/mybatis-3-mapper.dtd">
<mapper namespace="com.example.demo2.mapper.CustomerMapper">
    <select id="select" parameterType="com.example.demo2.entity.Customer" resultType="java.util.HashMap">
        select * from customer
    </select>
    <insert id="add" parameterType="com.example.demo2.entity.Customer">
        insert into customer(name,password,phone) values (#{name},#{password},#{phone});
    </insert>
    <delete id="delete" parameterType="com.example.demo2.entity.Customer">
        delete from customer where id=#{id};
    </delete>
    <update id="update" parameterType="com.example.demo2.entity.Customer">
        update customer set name=#{name},password=#{password},phone=#{phone} where id=#{id};
    </update>
</mapper>
