<?xml version="1.0" encoding="UTF-8" ?>
<!DOCTYPE mapper
        PUBLIC "-//mybatis.org//DTD Mapper 3.0//EN"
        "http://mybatis.org/dtd/mybatis-3-mapper.dtd">
<mapper namespace="com.example.demo2.mapper.InventoryMapper">
    <select id="select" parameterType="com.example.demo2.entity.Inventory" resultType="java.util.HashMap">
        select * from Inventory
    </select>
    <insert id="add" parameterType="com.example.demo2.entity.Inventory">
        insert into Inventory(name,total,remaining) values (#{name},#{total},#{remaining});
    </insert>
    <delete id="delete" parameterType="com.example.demo2.entity.Inventory">
        delete from Inventory where id=#{id};
    </delete>
    <update id="update" parameterType="com.example.demo2.entity.Inventory">
        update Inventory set name=#{name},total=#{total},remaining=#{remaining}where id=#{id};
    </update>
</mapper>
