<?xml version="1.0" encoding="UTF-8" ?>
<!DOCTYPE mapper
        PUBLIC "-//mybatis.org//DTD Mapper 3.0//EN"
        "http://mybatis.org/dtd/mybatis-3-mapper.dtd">
<mapper namespace="com.example.demo2.mapper.MenuMapper">
    <select id="select" parameterType="com.example.demo2.entity.Menu" resultType="java.util.HashMap">
        select * from menu
    </select>
    <insert id="add" parameterType="com.example.demo2.entity.Menu">
        insert into menu(name,price,quantity) values (#{name},#{price},#{quantity});
    </insert>
    <delete id="delete" parameterType="com.example.demo2.entity.Menu">
        delete from menu where m_id=#{m_id};
    </delete>
    <update id="update" parameterType="com.example.demo2.entity.Menu">
        update menu set name=#{name},price=#{price},quantity=#{quantity} where m_id=#{m_id};
    </update>
</mapper>
