<?xml version="1.0" encoding="UTF-8" ?>
<!DOCTYPE mapper
        PUBLIC "-//mybatis.org//DTD Mapper 3.0//EN"
        "http://mybatis.org/dtd/mybatis-3-mapper.dtd">
<mapper namespace="com.example.demo2.mapper.SuggestMapper">
    <select id="select" parameterType="com.example.demo2.entity.Suggest" resultType="java.util.HashMap">
        select * from suggest
    </select>
    <insert id="add" parameterType="com.example.demo2.entity.Suggest">
        insert into suggest(feedback,message,phone) values (#{feedback},#{message},#{phone});
    </insert>
    <delete id="delete" parameterType="com.example.demo2.entity.Suggest">
        delete from suggest where m_id=#{id};
    </delete>
    <update id="update" parameterType="com.example.demo2.entity.Suggest">
        update suggest set feedback=#{feedback},message=#{message},phone=#{phone} where id=#{id};
    </update>
</mapper>
