<?xml version="1.0" encoding="UTF-8" ?>
<!DOCTYPE mapper
        PUBLIC "-//mybatis.org//DTD Mapper 3.0//EN"
        "http://mybatis.org/dtd/mybatis-3-mapper.dtd">
<mapper namespace="com.example.demo2.mapper.UsersMapper">
    <select id="select" parameterType="com.example.demo2.entity.Users" resultType="java.util.HashMap">
        select * from user
    </select>
    <insert id="add" parameterType="com.example.demo2.entity.Users">
        insert into user(name,password) values (#{name},#{password});
    </insert>
    <delete id="delete" parameterType="com.example.demo2.entity.Users">
        delete from user where id=#{id};
    </delete>
    <update id="update" parameterType="com.example.demo2.entity.Users">
        update user set name=#{name},password=#{password}where id=#{id};
    </update>
</mapper>
